create database dbProject;
use dbProject;
CREATE TABLE `brands` (
  `Brand_id` int NOT NULL,
  `Brand_name` varchar(20) DEFAULT NULL,
  PRIMARY KEY (`Brand_id`)
) ENGINE=InnoDB DEFAULT CHARSET=utf8mb4 COLLATE=utf8mb4_0900_ai_ci;

CREATE TABLE `products` (
  `ProductID` int NOT NULL,
  `ProductName` varchar(50) NOT NULL,
  `ProductSortDesc` varchar(500) NOT NULL,
  `ProductDesc` varchar(5000) NOT NULL,
  `Price` double NOT NULL,
  `Color` varchar(30) NOT NULL,
  `Material` varchar(50) NOT NULL,
  `ProductStock` int NOT NULL,
  `ProductState` varchar(15) NOT NULL,
  `rating` float NOT NULL,
  `thumbnail_photo` varchar(150) NOT NULL,
  `slug` varchar(30) NOT NULL,
  `Brand_id` int NOT NULL,
  PRIMARY KEY (`ProductID`),
  KEY `ProducBrand_fk` (`Brand_id`),
  CONSTRAINT `ProducBrand_fk` FOREIGN KEY (`Brand_id`) REFERENCES `brands` (`Brand_id`)
) ENGINE=InnoDB DEFAULT CHARSET=utf8mb4 COLLATE=utf8mb4_0900_ai_ci;

CREATE TABLE `categories` (
  `Category_id` int NOT NULL,
  `Category_name` varchar(25) NOT NULL,
  PRIMARY KEY (`Category_id`)
) ENGINE=InnoDB DEFAULT CHARSET=utf8mb4 COLLATE=utf8mb4_0900_ai_ci;

CREATE TABLE `product_category` (
  `ProductID` int NOT NULL,
  `Category_id` int NOT NULL,
  PRIMARY KEY (`ProductID`,`Category_id`),
  KEY `Category_id` (`Category_id`),
  CONSTRAINT `product_category_ibfk_1` FOREIGN KEY (`ProductID`) REFERENCES `products` (`ProductID`),
  CONSTRAINT `product_category_ibfk_2` FOREIGN KEY (`Category_id`) REFERENCES `categories` (`Category_id`)
) ENGINE=InnoDB DEFAULT CHARSET=utf8mb4 COLLATE=utf8mb4_0900_ai_ci;

CREATE TABLE `productimage` (
  `url` varchar(1000) NOT NULL,
  `ProductID` int NOT NULL,
  KEY `ProductID` (`ProductID`),
  CONSTRAINT `productimage_ibfk_1` FOREIGN KEY (`ProductID`) REFERENCES `products` (`ProductID`)
) ENGINE=InnoDB DEFAULT CHARSET=utf8mb4 COLLATE=utf8mb4_0900_ai_ci;

CREATE TABLE `cart` (
  `CartID` int NOT NULL,
  `UpdateAt` datetime NOT NULL,
  `CreateAt` datetime NOT NULL,
  `PaymenMethod` char(45) DEFAULT NULL,
  PRIMARY KEY (`CartID`)
) ENGINE=InnoDB DEFAULT CHARSET=utf8mb4 COLLATE=utf8mb4_0900_ai_ci;

CREATE TABLE `wishlist` (
  `WishListID` int NOT NULL,
  `CreatedAt` datetime NOT NULL,
  `UpdateAt` datetime NOT NULL,
  PRIMARY KEY (`WishListID`)
) ENGINE=InnoDB DEFAULT CHARSET=utf8mb4 COLLATE=utf8mb4_0900_ai_ci;

CREATE TABLE `product_cart` (
  `CartID` int NOT NULL,
  `ProductID` int NOT NULL,
  `NumProduct` int NOT NULL,
  `CheckInCart` char(1) DEFAULT NULL,
  PRIMARY KEY (`CartID`,`ProductID`),
  KEY `ProductEnroll_fk` (`ProductID`),
  CONSTRAINT `CartEnroll_fk` FOREIGN KEY (`CartID`) REFERENCES `cart` (`CartID`),
  CONSTRAINT `ProductEnroll_fk` FOREIGN KEY (`ProductID`) REFERENCES `products` (`ProductID`)
) ENGINE=InnoDB DEFAULT CHARSET=utf8mb4 COLLATE=utf8mb4_0900_ai_ci;

CREATE TABLE `user_table` (
  `UserID` int NOT NULL,
  `FirstName` varchar(15) NOT NULL,
  `LastName` varchar(15) NOT NULL,
  `Phone` char(11) NOT NULL,
  `Email` varchar(50) NOT NULL,
  `Password` varchar(500) NOT NULL,
  `City` varchar(80) NOT NULL,
  `Country` varchar(20) NOT NULL,
  `WishListID` int NOT NULL,
  `CartID` int NOT NULL,
  PRIMARY KEY (`UserID`),
  KEY `WishList_fk` (`WishListID`),
  KEY `Cart_fk` (`CartID`),
  CONSTRAINT `Cart_fk` FOREIGN KEY (`CartID`) REFERENCES `cart` (`CartID`),
  CONSTRAINT `WishList_fk` FOREIGN KEY (`WishListID`) REFERENCES `wishlist` (`WishListID`)
) ENGINE=InnoDB DEFAULT CHARSET=utf8mb4 COLLATE=utf8mb4_0900_ai_ci;

CREATE TABLE `ordered` (
  `OrderID` char(5) NOT NULL,
  `OrderContact` varchar(30) DEFAULT NULL,
  `OrderShippingAddr` varchar(150) DEFAULT NULL,
  `OrderAddrDetail` varchar(100) DEFAULT NULL,
  `OrderDescription` varchar(500) DEFAULT NULL,
  `OrderDate` datetime DEFAULT NULL,
  `OrderState` varchar(20) NOT NULL,
  `ShippingMethod` varchar(20) DEFAULT NULL,
  `PaymenMethod` varchar(20) DEFAULT NULL,
  `TotalCost` double DEFAULT NULL,
  `UserID` int NOT NULL,
  PRIMARY KEY (`OrderID`),
  KEY `UserID` (`UserID`),
  CONSTRAINT `ordered_ibfk_1` FOREIGN KEY (`UserID`) REFERENCES `user_table` (`UserID`)
) ENGINE=InnoDB DEFAULT CHARSET=utf8mb4 COLLATE=utf8mb4_0900_ai_ci;

CREATE TABLE `orderitem` (
  `OrderID` char(5) NOT NULL,
  `ProductID` int NOT NULL,
  `Quantity` int NOT NULL,
  PRIMARY KEY (`OrderID`,`ProductID`),
  KEY `ProductID` (`ProductID`),
  CONSTRAINT `orderitem_ibfk_1` FOREIGN KEY (`OrderID`) REFERENCES `ordered` (`OrderID`),
  CONSTRAINT `orderitem_ibfk_2` FOREIGN KEY (`ProductID`) REFERENCES `products` (`ProductID`)
) ENGINE=InnoDB DEFAULT CHARSET=utf8mb4 COLLATE=utf8mb4_0900_ai_ci;

-- Generate data for some table --
-- Generate data for table Brands -- 
insert into Brands(Brand_id, Brand_name) values ('1', 'Apple'), ('2', 'Sony'), ('3', 'AKG'), ('4', 'Beats'), ('5', 'Bose'), 
('6', 'JBL'), ('7', 'Jabra'), ('8', 'Marshall'), ('9', 'Razer'), ('10', 'Logitech'), ('11', 'Master & Dynamic'), ('12', 'HiFiMAN'), ('13', 'Bowers & Wilkins'), ('14', 'JVC'), ('15', 'Klipsch');
-- Generate data for table Products -- 
insert into Products(ProductID, ProductName, ProductSortDesc, ProductDesc, Price, Color, Material, ProductStock, ProductState, rating, thumbnail_photo, slug, Brand_id) values 
('1', 'Sony-WH-CH510', '30MM DYNAMIC DRIVERS FOR SUPREME SOUND', '30MM DYNAMIC DRIVERS FOR SUPREME SOUND|Thanks to 30mm Dynamic Dome Drivers that come with the Sony - WH-CH510, you can now listen to your music with an amazing vocal clarity. It delivers the crowd-pleasing warm sound, with an enjoyable amount of bass and treble alike.|AAC CODEC FOR HIGH QUALITY WIRELESS PLAYBACK|Play your favorite tracks and tunes by pairing your smart phones using the Bluetooth wireless technology. Using this technology you can now enjoy your music without any losses. AAC codec works with Apple and Android devices alike.|SEAMLESS HANDS-FREE EXPERIENCE|The built-in microphone lets you have your conversations on your smartphones enabling easy hands-free calling. Now, you can take calls anytime, anywhere without taking your phone out of your pocket. Use the in-built buttons to play, stop or skip through your favorite tracks and adjust the volume accordingly.|COMPACT. DURABLE. ERGONOMIC. FOLDABLE.|The CH510 is built to be your go-to buddy wherever you go. A lightweight design for easy travel and listening on the go. You can now take these Sony Bluetooth Headphones anywhere along with you as they are lightweight and compact. Also, the swivel earcups enable you to pack them safely in your bag.', '299', 'Black', 'Synthetic resins, leather', '20', 'In stock', '4', 'https://i.imgur.com/uOtwR2n.jpg', 'sony-ch-510-headphone', '2'),
('2', 'Sony-WH-1000XM4', 'QUIETER. BETTER. FASTER. STRONGER.', 'QUIETER. BETTER. FASTER. STRONGER.|How do you ensure betterment of the best? By continuing to do what you have been doing best whilst adding feature and ensuring there are no shortcoming, meet the worthy follow-up Sony WH-1000XM4.|THERE IS NO IMPROVEMENT WITHOUT CHANGE|Although the predecessor, Sony WH-1000XM3s still do a great job, you just cannot get past the new features that are provided by the WH-1000XM4. From the enhanced noise cancellation to improved audio quality and the wear detection sensor, the WH-1000XM4 packs some key features WH-1000XM3 lacks out on.|REDEFINING THE BENCHMARK FOR NOISE CANCELLATION HEADPHONES|Say goodbye to noise and experience the industry’s best noise cancellation technology with the Sony WH-1000XM4. The powerful HD Noise-Cancelling Processor, further-improved QN1 blocks out not only vehicular noise but also voice and other background sounds. Enjoy your music without getting interrupted. It did subdue the sound of a mechanical keyboard too, according to Marques MKBHD Brownlee.|30 HOURS OF MUSIC ON WIRELESS, UNLIMITED ON WIRED MODE|The Sony WH-1000XM4 has a 30-hour battery life that’s enough to last for more than a day. When the battery goes down, you can either quickly charge it! Get 5 hours worth of battery life with only 10 minutes charge or plug-in the detachable cable and use it as a wired headphone.|LOSSLESS UNCOMPRESSING WITH DSEE EXTREME|The WH-1000XM4 uses Edge-AI (Artificial Intelligence) co-developed with Sony Music Studios, DSEE Extreme™ (Digital Sound Enhancement Engine) upscales compressed digital music files in real time. It restores the high-range sound lost in compression for a richer, more complete listening experience.', '2499', 'Black', 'Synthetic resins, leather', '18', 'In stock', '5', 'https://i.imgur.com/A9v7r7B.jpg', 'sony-wh-1000mx4-headphone', '2'),
('3', 'AKG-K612 Pro', 'REFERENCE STUDIO-MONITORING HEADPHONES WITH SPACIOUS AND NATURAL SOUND', 'REFERENCE STUDIO-MONITORING HEADPHONES WITH SPACIOUS AND NATURAL SOUND|The K612 Pro is a reference studio monitoring headphone that sports a comfortable over-ear design helping you to enjoy your music even during extended hours of listening. The sound that you get from these headphones is open and spacious. Additionally, the K612 Pro features a patented varimotion diaphragm technology that drives the high-grade sound with natural sound imaging. To ensure that the transducer distortion is at its minimum, the K612 Pro comes with computer-optimized neodymium magnets.|REASSURING COMFORT AND CONVENIENCE WITH STANDARD AKG QUALITY|These headphones are designed for absolute comfort and convenience in professional applications. The headband is made of genuine leather and it self-adjusts to provide an automatic fit and wearing comfort. This allows you to wear these headphones for as long as you want, without any kind of strain or discomfort. K612 Pro also features aluminium arches and solid rivets that make the headphone lightweight and extremely comfortable. The K612 Pro manifests the standard AKG quality which has been trusted by studio engineers for decades now.', '1499', 'Black', 'Synthetic resins, leather, metal', '28', 'In stock', '4', 'https://i.imgur.com/hptGHC4.jpg', 'akg-k612-pro', '3'),
('4', 'AKG-K712 Pro', 'DESIGNED FOR IMPROVED LOW END PERFORMANCE IN STUDIOS', 'DESIGNED FOR IMPROVED LOW END PERFORMANCE IN STUDIOS|The low end performance has been improved by 3 dB for more powerful sound imaging and sonic precision while providing spacious sound. These headphones come with a revolutionary flat wire voice coil that helps in providing incredible impulse and treble response.|REVOLUTIONARY FLAT WIRE VOICE COIL FOR CLEANER SOUND|These headphones come with a revolutionary flat wire voice coil that helps in providing incredible impulse, higher sensitivity and treble response.|INDIVIDUALLY TESTED HAND-SELECTED TRANSDUCERS AND PATENTED VARIMOTION TWO-LAYER DIAPHRAGM|The AKG K712 Pro has carefully handpicked transducers that provide consistency and accurate localization. These circum-aural headphones have been engineered in Austria and hand-crafted in Europe with highest attention to detail adequately representing the high quality and legendary design AKG is known for.|OPEN-BACK NATURE FOR WIDE, NATURAL AND SPACIOUS SOUND|The AKG K712 Pro has an open-back design and employs sophisticated open technology for spacious and airy sound with an immersive soundstage.', '2299', 'Black, red', 'Synthetic resins, leather, metal', '15', 'In stock', '4.5', 'https://i.imgur.com/yVYC2gP.jpg', 'akg-k712-pro', '3'),
('5', 'JVC-HA-EC20BT', 'PATENTED PIVOT MOTION FIT FOR WORKOUTS', 'PATENTED PIVOT MOTION FIT FOR WORKOUTS|PATENTED PIVOT MOTION FIT FOR WORKOUTS|The JVC HA EC20BT is extremely comfortable to wear as it features Pivot Motion Fit. It keeps your earphones stable over your ears even when you are working out or running.|JVC AE RUN AND MUSIC APP SUPPORT|The JVC HA-EC20BT supports the AE Run & Music training app for smartphones and creates a playlist containing songs from your library that are suited for your workouts.|IPX2 SWEAT-PROOF BUILD|The JVC HA-EC20BT will let you listen to music even when you are sweating it out. Its sweatproof (IPX2) design is ideal particularly for jogging or exercising.|IN-LINE MIC AND REMOTE|It comes with a 1 button remote control & a mic. The inline remote is located on the 3.3ft (1.0m) colored cord that terminates in a gold-plated jack.', '2299', 'Black', 'Synthetic resins', '19', 'In stock', '4', 'https://i.imgur.com/MCd1Dii.jpg', 'jvc-ha-ec20bt', '14'),
('6', 'Marshall - Major IV', 'THE ICONIC MARSHALL SOUND SIGNATURE FOR A MOVING MUSIC LISTENING EXPERIENCE', 'THE ICONIC MARSHALL SOUND SIGNATURE FOR A MOVING MUSIC LISTENING EXPERIENCE|Delivering the classic marshall sound signature, the Major IV packs over 55 years of knowledge to offer a powerful and moving sound that you will never want to turn off. These wireless headphones are equipped with custom-tuned 40mm dynamic drivers that breathe life into your music by offering thumping bass, smooth mids and excellent treble output.|KEEP THE MUSIC GOING WITH UP TO 80+ HOURS OF WIRELESS PLAYTIME AND A WIRED MODE|Fully charge your Marshall Major IV in just 3 hours and you are good to go for three whole days without charging. With an overall battery life of 80+ hours, there is nothing stopping you from listening to your favourite music. With a quick charge of just 15 minutes, these headphones can play music for as long as 15 hours. Even if these headphones out of battery, the music can still go on in the wired mode using a 3.5mm socket.|CHARGING YOUR HEADPHONES HAS NEVER BEEN EASIER WITH THE WIRELESS CHARGING SUPPORT|No need for charging cables to charge your Marshall Major IV. If your headphones can go wireless, so can their charging process. Taking convenience up a notch, the Marshall Major IV supports wireless charging. Place your headphones on the wireless charging pad and the matte silicone piping on the ear cap keeps the headphone in place. Kindly note that the Major IV comes with a USB-C charging cable and a wireless charging pad is not included in the box.|A CONVENIENT MULTI-DIRECTIONAL CONTROL KNOB THAT GETS A LOT OF WORK DONE|One of the key highlights of the Marshall Major IV is its multi-directional control knob. You can use this knob to play, pause, skip and control the volume level. It also lets you turn your headphones on and off. Additionally, phone functionality is also provided which allows you to answer and discard calls.', '1499', 'Black', 'Synthetic resins, leather', '8', 'In stock', '5', 'https://i.imgur.com/ZmYRPkT.jpg', 'marshall-major-IV', '8'),
('7', 'Jabra - Elite 85h', 'SMART SOUND. SHARP ANC. SMOOTH SOUND.', 'SMART SOUND. SHARP ANC. SMOOTH SOUND.|Experience SmartSound feature with the Jabra Elite 85h which automatically senses your surroundings and adjusts itself to apply personalized audio. It has Smart Active Noise Cancellation (ANC) which actively eliminates unwanted background noise so you concentrate on nothing else but the music. Sometimes you need to understand what is happening around you even with the headphones on and that is exactly why the Elite 85h comes with HearThrough Feature to keep you aware of your surroundings.|36 HOURS OF SEAMLESS PLAYBACK WITH ANC|Enjoy the best in class audio clarity with the Jabra Elite 85h owing to its purpose-built speakers. You can make them sound more personal by customizing the music settings. The battery of these headphones is easy to keep you going through the day. A one time charge of Elite 85h gives a powerful 36 hours of battery life (With ANC On). Moreover, it also supports fast charging which means a charge of 5 minutes will give you 5 hours of battery life.|OCTA-MICROPHONE CONFIGURATION FOR SEAMLESS CALL QUALITY|The Jabra Elite 85h headphone features not one or two but a total of 8 microphones which greatly improves the call quality while eliminating unnecessary noise and wind distractions. All of this leads to crystal clear calling experience even under the most severe weather conditions.|ONE-TOUCH VOICE ASSISTANT ACCESS|These headphones support digital assistants like Siri and Google Assistant. Make your life a bit easier by giving commands to your voice assistant right through your headphones.', '2399', 'Black', 'Synthetic resins, leather', '6', 'In stock', '4.5', 'https://i.imgur.com/usDhUmy.jpg', 'jabra-elite-85h', '7'),
('8', 'Jabra - Elite Active 75t', 'AN ERGONOMIC FIT: TESTED FOR OVER A THOUSAND EARS', 'AN ERGONOMIC FIT: TESTED FOR OVER A THOUSAND EARS|The Jabra Elite Active 75t is designed to offer you a snug fit that securely stays within the contours of your ears. The small and ergonomic design of these earbuds makes them suitable and comfortable for all ears regardless of their shape. These earbuds feature four-microphone technology which offers excellent wind noise reduction. Even in the noisy and windy climate be assured of the high-end audio quality.|SAY NO TO NOISE WITH JABRA`S ACTIVE NOISE CANCELLATION|Music sounds even better when there is no noise to distract you. That is exactly why Jabra engineers have added active noise cancellation. Enjoy music in complete peace with active noise cancellation.|7.5 HOURS OF BATTERY ON THE EARBUDS AND ADDITIONAL 28 HOURS ON THE CASE|The earbuds of the Jabra Elite Active 75t give up to 7.5 hours of music playtime and with the carrying case, the battery life sums up to 28 hours without ANC and 5.5 hours of playtime with the carrying case the battery life sums up to 24 hours with ANC. To make the deal sweeter, these earbuds come with fast charging support. Charge for 15 minutes and you are good to go for an hour. Keeping up with the legacy of providing unhindered wireless connectivity, Jabra presents to you the fourth generation Jabra Active Elite 75T true wireless earbuds. You get the best of wireless connectivity with the latest Bluetooth 5.0. Experience advanced call connectivity and stability which will enrich your calling experience without having to be bothered about call dropouts.', '1349', 'Black', 'Synthetic resins', '28', 'In stock', '4', 'https://i.imgur.com/uvnsvGm.jpg', 'jabra-elite-active-75t', '7'),
('9', 'Master & Dynamic - MW07 Plus', 'FEATURING BLUETOOTH 5.0 AND QUICK PAIRING FEATURE', 'FEATURING BLUETOOTH 5.0 AND QUICK PAIRING FEATURE|Master & Dynamic MW07 Plus comes with Bluetooth 5.0 connectivity and a quick pairing feature. This feature allows the earphones to remember previously connected devices and connect with them as soon as the Bluetooth is turned on. It provides reliable wireless connectivity within a 100ft/30m range.|WITH 10MM BERYLLIUM DRIVERS FOR RICH AND EXPANSIVE SOUND|Enjoy your music in rich and expansive sound, all thanks to the 10mm beryllium drivers. These drivers are designed to offer a powerful sound output which brings your music to life. The earphones also have 2 beamforming mic arrays which will offer crystal clear calls."|CUT THE NOISE WITH ACTIVE NOISE CANCELLATION|You should be able to enjoy music in complete peace and that is why Master & Dynamic comes with active noise cancelling feature which reduces the background noise so that you can lose yourself to an immersive music listening experience. Even the fit offered by these earphones is a snug fit which results in better noise isolation.|COMFORT IS ALL YOURS WITH LIGHTWEIGHT AND FIT-WING DESIGN|The earphones have lightweight and silicone fit wings which come in two different sizes so that you can get a personalised and secure in-ear fit. These earphones are uber comfortable to wear even during long hours thanks to its pro comfort design and secure fit.', '2499', 'Black', 'Synthetic resins', '13', 'In stock', '4', 'https://i.imgur.com/IzQVNiZ.jpg', 'master-&-dynamic-mw07-plus', '11'),
('10', 'JBL - TUNE 500BT', '32MM POWERFUL DRIVERS FOR PURE BASS SOUND', '32MM POWERFUL DRIVERS FOR PURE BASS SOUND|Experience the sound that has ruled concert halls, arenas, theatres and more for the past 70 years. The JBL TUNE 500BT features the renowned JBL Pure Bass sound. Powerful 32mm drivers give you a punchy bass that is sure to keep your feet tapping and fingers snapping.|16 HOURS OF MUSIC PLAYBACK AND QUICK CHARGE FEATURE|The JBL TUNE 500BT features the renowned JBL Pure Bass sound. It also has a battery life of 16 hours and speed charge where a mere 5-minute charge will give you 1 hour worth of battery life so that you can enjoy only bass for long.|BLUETOOTH STREAMING WITH MULTIPOINT CONNECTIVITY|Wirelessly streams high-quality sound from your smartphone without messy cords. Bluetooth-enabled and designed to be comfortable, the JBL TUNE 500BT headphones also allow you to connect to Effortlessly switch from one Bluetooth device to another. You can simply switch from a video on your tablet to a call on your mobile phone, so that you’ll never miss a call.|HANDS-FREE AND VOICE ASSISTANT ACCESS|Easily control your sound and manage your calls from your headphones with the convenience of a button and mic. Access Siri or Google Now without using your mobile device.', '1299', 'Black', 'Synthetic resins, leather', '26', 'In stock', '4', 'https://i.imgur.com/p9uXdFX.jpg', 'jbl-tune-500bt', '6'),
('11', 'JBL - TUNE 220TWS', '12.5MM HARMAN-TUNED DRIVERS FOR PURE BASS EXPERIENCE', '12.5MM HARMAN-TUNED DRIVERS FOR PURE BASS EXPERIENCE|Why settle for average audio? Elevate your music listening experience with the all-new JBL Tune 220TWS. Thanks to the 12.5 mm drivers that deliver the popular JBL Pure Bass Sound. Enjoy best-in-class connectivity and wireless freedom. No cables, no tangles.WIRE-FREE HANDS-FREE EXPERIENCE AND VOICE ASSISTANT ACCESS WITH INTEGRATED BUTTONS|These true wireless earbuds are compatible with Android as well as iPhone smartphones. Enjoy music and answer your calls hands-free and on the go. Managing your music playback, answering your calls and activating your favourite music assistant becomes extremely convenient with the integrated on-the-go control buttons.|PUTS THE BEST OF JBL`S STYLISH SLEEK DESIGN AND HARMAN-TUNED SOUND FOR A COMFORTABLE TRUE WIRELESS|These earbuds may be small in size but have an incredibly eye-catching design giving it a unique look. The combination of sleek metallic finish body and the soft-touch paint makes JBL Tune 220TWS stylish and trendy. You also get the freedom to choose from a variety of awesome colours to choose from allowing you to pick a colour that matches your personality. These earbuds have got their ergonomics right, which means that you can wear them as long as you want without missing out on comfort.', '499', 'Black', 'Synthetic resins', '5', 'In stock', '3.5', 'https://i.imgur.com/dR7imB5.jpg', 'jbl-tune-200tws', '6'),
('12', 'HiFiMAN - Deva', 'EXPERIENCE YOUR FAVOURITE MUSIC IN DETAILED AND RICH SOUND', 'EXPERIENCE YOUR FAVOURITE MUSIC IN DETAILED AND RICH SOUND|The HiFiMAN Deva (Wired) features HiFiMAN`s NEO `supernano` Diaphragm which is around 80% thinner than other diaphragms ever used. This diaphragm delivers a quick response along with a detailed sound image and wide-range frequency. DEVA has been designed to offer excellent sound quality with one-of-its-kind configuration.|WITH COMPLETE CHANNEL SEPARATION|The HiFiMAN DEVA (Wired) offers total channel separation with balanced channel input, 3.5 mm audio jack and a socket with 4 unique pathways, this lets the headphone to handle 20 dB of more power. USB (using the USB-C Cable) and Wired option (with 3.5mm jack and 6.35mm connector).', '1699', 'Brown', 'Synthetic resins, leather, metal', '35', 'In stock', '4.5', 'https://i.imgur.com/gxKxSmV.jpg', 'hifiman-deva', '12'),
('13', 'Razer - BlackShark V2 Pro', 'FLAWLESS PAIR OF WIRELESS ESPORTS HEADPHONES', 'FLAWLESS PAIR OF WIRELESS ESPORTS HEADPHONES|If you like to be competitive while gaming then the Razer BlackShark V2 Pro is all you need. These gaming headphones are powered by Razer HyperSpeed Wireless technology combined with crystal-clear microphone clarity, audio and sound isolation making these a perfect pair of gaming headphones.|FEATURING RAZER HYPERSPEED WIRELESS TECHNOLOGY|BlackShark V2 Pro sports high-speed transmission and super low latency making it ideal for esports gaming. It also comes with a best-in-class 2.4GHz wireless connection which not only delivers lossless audio but also makes sure that the audio is synced to your game.|FEATURING 50MM RAZER TRIFORCE TITANIUM DRIVERS|Razer BlackShark V2 Pro features Razer`s patented design which houses a custom-engineered driver which delivers dynamic tribes, clearer sound and thumping bass output. These headphones also have titanium-coated diaphragms which add to the clarity and sharpness of the vocals.|OFFERING MEMORY FOAM EAR CUSHIONS AND PASSIVE NOISE CANCELLATION|Get rid of unwanted noise with Razer BlackShark V2 Pro which offers a unique closed fit that covers your ears with plush cushions which lead to perfect seal and effective passive noise cancellation. The breathable weave reduces sweat and heat build-up while the uber-soft memory foam ear cushions minimise headset’s clamping force. These lightweight gaming headphones have inbuilt headset controls.', '1749', 'Black', 'Synthetic resins, leather, metal', '22', 'In stock', '4.5', 'https://i.imgur.com/kTB6l9l.jpg', 'razer-blackshark-v2-pro', '9'),
('14', 'Razer - BlackShark V2', 'DESIGNED TO TAKE YOUR ESPORTS GAMING EXPERIENCE TO THE NEXT LEVEL', 'DESIGNED TO TAKE YOUR ESPORTS GAMING EXPERIENCE TO THE NEXT LEVEL|If you are an avid esports gamer, the Razer BlackShark V2 is designed for you. It helps you to bring out the best of your performance with excellent audio output, advanced microphone clarity and superior sound isolation. So the next time you are playing, your headsets make it easier for you to win the game.|FEATURING 50MM RAZER TRIFORCE TITANIUM DRIVERS|Razer BlackShark V2 features Razer`s patented design which houses a custom-engineered driver which delivers dynamic tribes, clearer sound and thumping bass output. These headphones also have titanium-coated diaphragms which add to the clarity and sharpness of the vocals.|RAZER HYPERCLEAR CARDIOID MIC AND USB SOUND CARD|BlackShark V2 comes with a detachable mic which provides enhanced speech pickup and noise cancellation. The optimized microphone housing sports an open design which reduces distortions and allows nothing but clearer and better recreation of your voice. Moreover, the USB sound card gives further control to improve your voice output using Razer Synapse. Razer Synapse has a range of features including Mic Boost, Voice Gate, Volume Normalization, Mic Equalizer and Ambient Noise Reduction.|THX SPATIAL AUDIO - FOR IMMERSIVE GAMING AUDIO EXPERIENCE|Be more aware and active with the immersive in-game audio experience. The THX Spatial Audio offers next-gen surround sound with precise positional audio and realistic acoustics. With the latest THX Game Profiles, you can customise profiles according to your preference. THX Environmental Mode gives a realistic immersive experience while THX Competitive Mode delivers better spatial awareness.', '1249', 'Black', 'Synthetic resins, leather, metal', '45', 'In stock', '4.5', 'https://i.imgur.com/3gjwPlE.jpg', 'razer-blackshark-v2', '9'),
('15', 'Bowers & Wilkins - PI4', '14mm Customized Drivers', '14mm Customized Drivers|The Bowers & Wilkins PI4 uses the custom-designed 14mm drivers built in small space which delivers the glorious sound of all time which matches the Bowers & Wilkins standards. And are tuned by the same team which built the 800 Diamond Series Bowers & Wilkins speakers used in Abbey Road Studios.|Experience Adaptive Noice Cancelation|These in-ear wireless earphones manages to eliminate the unnecessary noise coming from the outside world and gives you time to enjoy your music with any disturbance with its Adaptive Noise Cancelling feature.|Comfortable fit|These in-ears are constructed with soft, coated silicone and rubber which provides you a comfortable fit. Even if you are rushing for an hour, you can still carry your music because this in-ears won`t fall off even in hurry.|Start where you left off|The Bowers & Wilkins PI4 has a magnetic clip in the earpieces which gets stuck the moment you pull them off from your ears and it automatically pauses the music. Once you again plug the earpieces, it starts the music where you left off.', '2399', 'Black, silver, gold', 'Synthetic resins', '35', 'In stock', '4.5', 'https://i.imgur.com/t5Qsm3X.jpg', 'bowers-&-wilkins-pi4', '13'),
('16', 'Klipsch - T5 II True Wireless Sport McLaren', '5MM CUSTOM DRIVER CONFIGURATION FOR LEGENDARY KLIPSCH SOUND', '5MM CUSTOM DRIVER CONFIGURATION FOR LEGENDARY KLIPSCH SOUND|Klipsch is known for their sound and with the T5 II True Wireless McLaren Edition, you`re sure to enjoy the best. These earphones come with a 5mm custom driver and 3μm high-resolution diaphragm. This is the science behind the legendary detailed Klipsch sound.|8 HOURS OF BATTERY ON THE EARBUDS AND ADDITIONAL 24 HOURS ON THE CASE|The earbuds of the T5 II True Wireless McLaren Edition give up to 8 hours of music playtime and with the charging case, the battery life sums up to 24 hours. These earbuds also offer you the best of wireless connectivity with the latest Bluetooth 5.0 to experience long-range connectivity.|SOUND MODES THAT ADAPT TO YOUR SURROUNDINGS AND SEAMLESS CALLING EXPERIENCE|By just pressing a button on the earbuds, the Klipsch T5 II True Wireless McLaren Edition allows you to hear everything going on in your surroundings. Making and taking calls is always a great experience, thanks to enhanced 4 Beamforming microphone call technology which filters out disruptive noise around you and delivers crystal clear calls.|IP67 RATED BEST-IN-CLASS WATERPROOF CASE|Not to worry, Klipsch T5 II True Wireless McLaren Edition offers you safety for your earphones. To ensure that your earphones are in the best condition, Klipsch provides a best-in-class, rugged, dust, and waterproof case. After a tiring workout, toss these earbuds in the case and with the help of the moisture removal system inside the case, you can rest assured that they`ll stay dry.', '2799', 'Black', 'Synthetic resins', '65', 'In stock', '5', 'https://i.imgur.com/DFZpNk6.jpg', 'klipsch-t5-ii-sport-mc-Laren', '15'),
('17', 'AirPods Pro', 'AirPods Pro will immerse you in a deep music space and provide a superior entertainment experience like never before on Apple wireless headphones. Powerful upgrades in design and technology make AirPods Pro a true professional music device.', 'In-ear headphones have never been so comfortable|Apple`s world-leading design team fine-tuned a few details on the AirPods Pro over the standard AirPods line, giving up on the traditional ear-bud styling to switch to an in-ear design with a silicon pad that effectively prevents noise. You will find in the box of the AirPods Pro three different sizes of ear cushions to choose from to match your ear cavity. On the AirPods Pro, Apple also arranged a ventilation core to balance the pressure on the user`s ear when used for a long time. The product is neatly designed with a small light weight of only 5.4 grams. All of them ensure that the owner of the AirPods Pro will get the most comfortable feeling when worn. In addition, the IPX4 waterproof feature also ensures that you can use the headset comfortably while running or exercising without worrying about sweat damage.|Professional active noise cancellation|Apple boasts AirPods Pro as the only in-ear headset with active noise cancellation in the world, state-of-the-art technology to ensure optimal call and music quality. To bring active noise cancellation, AirPods Pro have integrated an outward-facing microphone that is responsible for detecting unwanted background noise, then, the smart mechanism inside the headset will process quickly and release. Effective feedback measures to suppress noise before reaching listeners` ears. Another inward-facing microphone detects other unwanted noises in order to completely eliminate background noise. The noise cancellation mechanism is continuously adjusted at a frequency of 200 times per second, so the final sound reaching your ears when listening with the AirPods Pro will ensure good quality, clear and smooth.|The presence of the H1 chip combined with the power amplifier is responsible for eliminating background noise and controlling the sound level|The AirPods Pro headset is integrated with an H1 chip with a powerful processing ability and combined with the virtual assistant Siri. Apple designed the H1 chip with 10 audio processing cores, providing real-time active noise cancellation, low-latency audio processing and outstanding high-end music quality. Thanks to the presence of this chip, AirPods Pro supports interacting with users through Siri, which is faster and more energy efficient. Each component inside the headset is scientifically arranged based on the shape of our ears, ensuring optimal stability during operation.', '1050', 'White', 'Synthetic resins', '65', 'In stock', '5', 'https://i.imgur.com/SeE7LiC.png', 'apple-airpods-pro', '1'),
('18', 'Sony-WF-1000XM3', 'ENJOY INDUSTRY LEADING NOISE CANCELLATION TECHNOLOGY', 'ENJOY INDUSTRY LEADING NOISE CANCELLATION TECHNOLOGY|Say goodbye to noise and experience industry’s best noise cancellation technology with the Sony WF-1000XM3. The powerful HD Noise-Cancelling Processor, QN1e blocks out not only vehicular noise but other background noise as well. Enjoy your music without getting interrupted.|WITH ADVANCED BLUETOOTH CHIP AND DUAL MICROPHONE SETUP|The Sony WF1000XM3 has a built in Dual microphone- one in the front and other on the back of the earbuds. It allows ambient sounds to come in no matter where you travel. With the all new Bluetooth chip, Sony HF-1000XM3 produces sound on both the left and right ears simultaneously to provide an extraordinary listening experience.|ELEVATE TO RICH SOUND WITH DIGITAL SOUND ENHANCEMENT ENGINE HX|These truly wireless earbuds has a tiny 0.224 driver unit which fits inside the earbuds and delivers rich, pure and luxirious sound. It has balanced sound signature and are suitable for those who love travelling or prefer to listen to music casually.  Sony WF-1000XM3 has a HD Noise-Canceling Processor QN1e which delivers Digital Noise Cancelation, 24-bit Audio Signal Processing, and a Digital-to-Analog converter with headphone amplifier resulting in minimal distortion.The Digital Sound Enhancement Engine HX (DSEE HX) technology has been used in this earbuds which compresses the digital audio files and beings them closer to produce hi-res audio.|LISTEN TO MUSIC ALL DAY LONG WITH 24 HOURS OF PLAYTIME & QUICK CHARGE|One time charge of WF-1000XM3 provides 6 hours of playback time and with the handy charging case, the earbuds are chargeable 3 times with is equal to 24 hours of playback time a day with the noise canceling feature. If the noise canceling feature is off, the earbuds work upto 8 hours and three times of charge helps the earbuds to work till 32 hours. If your truly wireless earbuds run out of charge and you need to connect to your music very badly, a ten minutes of quick charge of the earbuds will give a playback time of 90 minutes.', '1499', 'Black', 'Synthetic resins', '16', 'In stock', '5', 'https://i.imgur.com/OB3ghuL.jpg', 'sony-wf-1000xm3', '2'),
('19', 'Sony-WF-XB700', 'A `TRULY WIRELESS` PARTY ON THE GO', 'A `TRULY WIRELESS` PARTY ON THE GO|Enrich your daily life with thumping bass and true wireless comfort. The WF-XB700 is a true wireless earbud from the house Sony featuring a bold and unique look along with a comfortable ergonomic design which is designed for long term listening comfort.|BASSHEADS AHOY! FEATURES SONY`S SIGNATURE EXTRA BASS|If you are a bass-head you this is one for you. Featuring the popular Sony EXTRA BASS that delivers powerful and thumping low-end frequencies effective enough to get you grooving, the moment you put them on. Get ready to experience bass like never before.|SEAMLESS BLUETOOTH CONNECTIVITY WITH LOW LATENCY SUPPORT|Sony WF-XB700 combines advanced Bluetooth chips and an optimised antenna setup which not only provides strong wireless connectivity but also elevates your music listening experience. Not just that, these earbuds feature low latency too which will allow you to enjoy your games and movies more.|IPX4 RATING BUILD AND SECURE FIT DESIGN FOR SWEAT RESISTANT WORKOUTS|These are ergonomically designed true wireless earbuds from Sony that deliver true comfort and secure fit. Moreover, these earbuds come with an IPX4 rating that makes them resistant to sweat and water splashes. So wear them comfortably in the gym or while jogging and always have music by your side.|ONE BUTTON TO RULE THEM ALL! HANDS FREE AND VOICE ASSISTANT CONTROL NOW EASIER|Sony WF-XB700 is a feature-packed true wireless earbud geared towards delivering rich Bass and absolute user-comfort. These earbuds host easy control buttons that will allow you to control your music playback. Additionally, you can answer calls and activate voice assistants by just tapping on your earbuds.', '7990', 'Black, blue', 'Synthetic resins', '22', 'In stock', '4', 'https://i.imgur.com/FLk4NKr.jpg', 'sony-wf-xb700', '2'),
('20', 'Sony-WH-XB700', 'BRING THE PARTY HOME WITH EXTRA BASS™ HEADPHONES', 'BRING THE PARTY HOME WITH EXTRA BASS™ HEADPHONES|If you are obsessed with deep and punchy sound, then you must get the all-new Sony WH-XB700. This on-ear has an excellent bass effect, long battery life and built-in mic. It has a comfortable sleek design for prolonged listening.|A HEADPHONE SMARTER THAN MOST OF ITS PEERS|This EXTRA BASS™ headphone is compatible with Alexa and Google Assistant making your life easier. The new Sony headphone can be connected to your smartphone through Siri, Alexa and Google Voice assistant. Also, listen to your favorite tracks, get information and notifications, set reminders and much more.|30 HOURS OF MUSIC AND QUICK CHARGE FEATURE|The Sony WH-XB700 headphone has approximately playtime of 30 hours on a full charge with only 4 hours of charging time. Also, get a 10-minute quick charge that plays upto 90 minutes. Now, enjoy your music without any interruptions.|NFC FOR FASTER CONNECTIVITY|Connecting your Sony Bluetooth Headphones is easy with Near Field Communication (NFC) and Bluetooth technology. Simply with the touch of NFC - enabled device to the headphones will let you stream your music collection instantly.|TAKE COMPLETE CONTROL OF YOUR HEADPHONES WITH THE SONY HEADPHONES CONNECT APP|Sony`s Headphone Connect App can help to set the perfect sound for every song. This innovative app will let you customize your bass levels and give you presets to recreate club, hall, arena or outdoor listening environments. Read more about the customization and controls on Sony Headphones Connect App.', '7799', 'Black, blue', 'Synthetic resins, leather', '21', 'In stock', '4', 'https://i.imgur.com/MaftQLr.jpg', 'sony-wh-xb700', '2'),
('21', 'Sony-WI-C400', '9MM DYNAMIC DRIVERS FOR CRISP SOUND WITH A PUNCHY BASS', '9MM DYNAMIC DRIVERS FOR CRISP SOUND WITH A PUNCHY BASS|Experience detailed bass and mids with the Sony WI-C400 Bluetooth Earphones. Its 9-mm driver units play clear, punchy sound with smooth highs that come without any harshness or sibilance.|20 HOURS OF BATTERY LIFE|No worries about the battery, Sony - WI-C400 Bluetooth Earphones are backed with a 20 hr battery to keep your good times going on. It has a standby of a whopping 200 hours. Enough to last the day and even beyond!|STURDY NECKBAND DESIGN WITH VIBRATION ALERT AND TANGLE-FREE CABLE MANAGEMENT|The WI-C400 is designed keeping in mind user-comfort. Neckband design keeps stability and wireless function lets you move freely. Never miss an update from your smartphone by a vibrating notification. Whenever you get an update, the neckband will simply vibrate and notify you whenever you get a call or a text. A special design keeps your cable clipped neatly out of the way in your neckband with the adjuster and stopper. No more adjusting the cable if it gets in your way and you just concentrate on your activity.|HASSLE-FREE HANDS-FREE EXPERIENCE|High functionality buttons gives convenience to your fingertips and lets you have full control. Activate your smartphone`s voice assistance for hands free experience just by a press.|FASTER, RELIABLE CONNECTIVITY|Compatibility was never this easy before. The WI-C400 pairs effortlessly wireless. It also offers NFC. Simply tap your device on the NFC logo and get connected to stream effortlessly.', '3399', 'Black, red, blue, white', 'Synthetic resins', '26', 'In stock', '4.5', 'https://i.imgur.com/qQdt6f8.jpg', 'sony-wi-c400', '2'),
('22', 'Sony-MDR-XB550AP', 'FATIGUE-FREE SOUND AND DESIGN', 'FATIGUE-FREE SOUND AND DESIGN|Sony has paid particular attention to the comfort and touch of these headphones. Listen to music for long and continuous and you will still not feel fatigue. The adjustable headband and elegant design make the Sony MDR-XB550AP a great headphone.|ALL ABOUT THAT BASS, NO TREBLE|The Sony MDR-XB550AP is all about the bass. Let your ears experience luscious bass with good detail. The headphones enhance your music to sound entertaining and fun.|THE BEST OF SOUND AND STYLE|The Sony MDR-XB550AP sports a sleek and flaunt-worthy built and design. Put these headphones on and let the world stare, while you drown into your boosted music. The XB550AP comes in a host of colours like Black, Blue, Red and Olive. Pick what suits your style the most!|UNIVERSAL IN-LINE REMOTE AND MIC|The XB550AP features a mic and remote that lets you take calls and change the volume of your music. The push of the button is all it takes for convenient functionality.|SMARTAPP FOR CONTROL CUSTOMIZATION|Customise your functions with the free SmartKey App. The App lets you customise the control of your in-line remote through your Smartphone. A personalised experience is what you enjoy with the Sony MDR-XB550AP.', '3999', 'Black, red blue, green', 'Synthetic resins, leather', '45', 'In stock', '4.5', 'https://i.imgur.com/ZiiVRnZ.jpg', 'sony-mdr-xb550ap', '2');
-- Generate data for table Categories -- 
insert into Categories(Category_id, Category_name) values ('1', 'Wireless Headphone'), ('2', 'Wireless Earphone'), ('3', 'Noise Cancellation'), ('4', 'Gaming'), ('5', 'Sports'), ('6', 'True Wireless Earbuds'), ('7', 'In-Ear'), ('8', 'DJ Headphone');
-- Generate data for table Product_category -- 
insert into Product_Category(ProductID, Category_id) values ('1', '1'), ('1', '8'), ('2', '1'), ('2', '3'), ('3', '3'), ('4', '3'), ('4', '4'),
('5', '2'), ('6', '1'), ('6', '8'), ('7', '1'), ('7', '4'), ('8', '3'), ('8', '5'), ('8', '7'), ('9', '7'), ('10', '1'), ('10', '3'), ('11', '6'), ('12', '1'), 
('12', '8'), ('13', '1'), ('13', '3'), ('13', '4'), ('14', '3'), ('14', '4'), ('15', '2'), ('15', '5'), ('16', '5'), ('16', '7'), ('17', '3'), ('17', '7'), ('18', '3'), 
('18', '7'), ('19', '3'), ('19', '5'), ('19', '7'), ('20', '1'), ('20', '3'), ('21', '2'), ('22', '3');
-- Generate data for table ProductImage --
insert into ProductImage(ProductID, url) values ('1', 'https://i.imgur.com/uOtwR2n.jpg|https://i.imgur.com/DoyIYlA.jpg|https://i.imgur.com/MU9kCLr.jpg|https://i.imgur.com/ksNqZSd.jpg|https://i.imgur.com/VFlYV3q.jpg|https://i.imgur.com/LDPhUnz.jpg|https://i.imgur.com/Cs5P4fU.jpg|https://i.imgur.com/yY2gsRo.jpg|https://i.imgur.com/eFvlxNp.jpg'),
('2', 'https://i.imgur.com/U65xPva.jpg|https://i.imgur.com/We8dPMD.jpg|https://i.imgur.com/hyh8sLT.jpg|https://i.imgur.com/zTCQ2U9.jpg|https://i.imgur.com/5HR0ZZY.jpg|https://i.imgur.com/FIm6Nr0.jpg|https://i.imgur.com/LlXFvBA.jpg'),
('3', 'https://i.imgur.com/6iMRSjI.jpg|https://i.imgur.com/FtnQrre.jpg|https://i.imgur.com/vp8ZYS2.jpg|https://i.imgur.com/OoDlMtN.jpg|https://i.imgur.com/plLvywh.jpg'),
('4', 'https://i.imgur.com/XHe4o4g.jpg|https://i.imgur.com/j1xo1u8.jpg|https://i.imgur.com/nUOKrtX.jpg|https://i.imgur.com/P3Gkbz3.jpg|https://i.imgur.com/wECm6D3.jpg'),
('5', 'https://i.imgur.com/UQhSWnI.jpg|https://i.imgur.com/bxFVTvw.jpg'),
('6', 'https://i.imgur.com/hpUt71j.jpg|https://i.imgur.com/5nwNVbc.jpg|https://i.imgur.com/aWHsnmd.jpg|https://i.imgur.com/tFANcI2.jpg|https://i.imgur.com/IwL1Qa5.jpg'),
('7', 'https://i.imgur.com/9vHrGnh.jpg|https://i.imgur.com/yxqOYEP.jpg|https://i.imgur.com/oAVbseq.jpg|https://i.imgur.com/usDhUmy.jpg|https://i.imgur.com/8JaUMeX.jpg'),
('8', 'https://i.imgur.com/AJUt9TG.jpg|https://i.imgur.com/Ii7lHzM.jpg|https://i.imgur.com/ocoGJK1.jpg|https://i.imgur.com/zK59ik1.jpg|https://i.imgur.com/cCuqOvu.jpg|https://i.imgur.com/oF3w9kF.jpg|https://i.imgur.com/koAiQEh.jpg|https://i.imgur.com/7dIgP8f.jpg'),
('9', 'https://i.imgur.com/Ebj9eC3.jpg|https://i.imgur.com/sRNYI1o.jpg|https://i.imgur.com/8mFqAsq.jpg|https://i.imgur.com/3cjjqyQ.jpg|https://i.imgur.com/ken4MFW.jpg'),
('10', 'https://i.imgur.com/LPQHgDM.jpg|https://i.imgur.com/4D3Ts5R.jpg|https://i.imgur.com/Ro4PB0t.jpg|https://i.imgur.com/yGL7hjX.jpg|https://i.imgur.com/HVbIzXk.jpg|https://i.imgur.com/qKC2lxg.jpg'),
('11', 'https://i.imgur.com/xxYraP8.jpg|https://i.imgur.com/Wxrb5eD.jpg|https://i.imgur.com/2IfccVt.jpg|https://i.imgur.com/UCvyYED.jpg|https://i.imgur.com/yl8IHQY.jpg'),
('12', 'https://i.imgur.com/Ca5EU3p.jpg|https://i.imgur.com/QMBbdf1.jpg|https://i.imgur.com/U6WcAja.jpg|https://i.imgur.com/PmPnR2D.jpg|https://i.imgur.com/bJ365Ti.jpg'),
('13', 'https://i.imgur.com/ak2wZmU.jpg|https://i.imgur.com/9mp7wQq.jpg|https://i.imgur.com/brH0UjF.jpg|https://i.imgur.com/QhTpPke.jpg|https://i.imgur.com/HAK5gct.jpg'),
('14', 'https://i.imgur.com/uA2fbfN.jpg|https://i.imgur.com/r9W12jP.jpg|https://i.imgur.com/3FxbnPS.jpg|https://i.imgur.com/ak2wZmU.jpg'),
('15', 'https://i.imgur.com/LjsOwyx.j|https://i.imgur.com/fv3OzdU.jpg|https://i.imgur.com/Fwgrfbe.jpg|https://i.imgur.com/z29XBXp.jpg'),
('16', 'https://i.imgur.com/R9f6L95.jpg|https://i.imgur.com/j107qEE.jpg|https://i.imgur.com/yQeCFFf.jpg|https://i.imgur.com/77i6k7G.jpg|https://i.imgur.com/07x0i16.jpg'),	
('17', 'https://i.imgur.com/ni8ykZE.png|https://i.imgur.com/Lr9h60l.jpg|https://i.imgur.com/8G8sL4S.jpg'),
('18', 'https://i.imgur.com/nj4pyZv.jpg|https://i.imgur.com/3ziczvD.jpg|https://i.imgur.com/jcgZue3.jpg|https://i.imgur.com/tPO6Iy1.jpg|https://i.imgur.com/MDBrKVZ.jpg|https://i.imgur.com/4043A0p.jpg|https://i.imgur.com/3CJb5qv.jpg'),
('19', 'https://i.imgur.com/MaBF75z.jpg|https://i.imgur.com/Zy7T4Wh.jpg|https://i.imgur.com/05st7Bo.jpg|https://i.imgur.com/5C4OfPY.jpg|https://i.imgur.com/o3CGJVC.jpg|https://i.imgur.com/We8dPMD.jpg'),
('20', 'https://i.imgur.com/8TOkPWc.jpg|https://i.imgur.com/vVdCrZs.jpg|https://i.imgur.com/JGFVk3t.jpg|https://i.imgur.com/8U5HZnc.jpg|https://i.imgur.com/Nndvo9e.jpg|https://i.imgur.com/1iZPRqL.jpg'),
('21', 'https://i.imgur.com/RS12CnA.jpg|https://i.imgur.com/md8VCY4.jpg|https://i.imgur.com/DO9E4IE.jpg|https://i.imgur.com/654Hku6.jpg|https://i.imgur.com/6zD82nA.jpg'),
('22', 'https://i.imgur.com/vlek93Y.jpg|https://i.imgur.com/rDVASMs.jpg|https://i.imgur.com/35VnBRR.jpg|https://i.imgur.com/EhiIP8T.jpg|https://i.imgur.com/6sZoaL3.jpg|https://i.imgur.com/iu7LtBo.jpg|https://i.imgur.com/W0rApW1.jpg|https://i.imgur.com/OAJbRXM.jpg|https://i.imgur.com/3M5GrwV.jpg');
